MINISTÉRIO DO DESENVOLVIMENTO REGIONAL  /  SECRETARIA NACIONAL DE SANEAMENTO ;;;;;;;;;;;;;;;;;;;;;;;;;;;;;;;;;;;;;;;;;;;;;;;;;;;;;;;;;;;;;;;;;;;;;;;;;;;;;;;;;;;;;;;;;;;;;;;;;;;;;;;;;;;;;;;;;;;;;;;;;;;;;;;;;;;;;;;;;;;;;;;;;;;;;;;;;;;
SISTEMA NACIONAL DE INFORMAÇÕES SOBRE SANEAMENTO - SNIS;;;;;;;;;;;;;;;;;;;;;;;;;;;;;;;;;;;;;;;;;;;;;;;;;;;;;;;;;;;;;;;;;;;;;;;;;;;;;;;;;;;;;;;;;;;;;;;;;;;;;;;;;;;;;;;;;;;;;;;;;;;;;;;;;;;;;;;;;;;;;;;;;;;;;;;;;;;
Diagnóstico dos Serviços de Água e Esgotos - 2019;;;;;;;;;;;;;;;;;;;;;;;;;;;;;;;;;;;;;;;;;;;;;;;;;;;;;;;;;;;;;;;;;;;;;;;;;;;;;;;;;;;;;;;;;;;;;;;;;;;;;;;;;;;;;;;;;;;;;;;;;;;;;;;;;;;;;;;;;;;;;;;;;;;;;;;;;;;
TABELA COMPLETA DE INFORMAÇÕES;;;;;;;;;;;;;;;;;;;;;;;;;;;;;;;;;;;;;;;;;;;;;;;;;;;;;;;;;;;;;;;;;;;;;;;;;;;;;;;;;;;;;;;;;;;;;;;;;;;;;;;;;;;;;;;;;;;;;;;;;;;;;;;;;;;;;;;;;;;;;;;;;;;;;;;;;;;
10/12/2020;;;;;;;;;;;;;;;;;;;;;;;;;;;;;;;;;;;;;;;;;;;;;;;;;;;;;;;;;;;;;;;;;;;;;;;;;;;;;;;;;;;;;;;;;;;;;;;;;;;;;;;;;;;;;;;;;;;;;;;;;;;;;;;;;;;;;;;;;;;;;;;;;;;;;;;;;;;
;;;;;;;;;;;;;;;;;;;;;;;;;;;;;;;;;;;;;;;;;;;;;;;;;;;;;;;;;;;;;;;;;;;;;;;;;;;;;;;;;;;;;;;;;;;;;;;;;;;;;;;;;;;;;;;;;;;;;;;;;;;;;;;;;;;;;;;;;;;;;;;;;;;;;;;;;;;
MUNICÍPIOS;INFORMAÇÕES GERAIS;;;;;;;;;;;;;;;;;;;;;;;;;;;;INFORMAÇÕES FINANCEIRAS;;;;;;;;;;;;;;;;;;;;;;;;;;;;;;;;;;;;;;;;;;;;;;;;;;;INFORMAÇÕES OPERACIONAIS - ÁGUA;;;;;;;;;;;;;;;;;;;;;;;;INFORMAÇÕES OPERACIONAIS - ESGOTOS;;;;;;;;;;;;;;;INFORMAÇÕES SOBRE QUALIDADE;;;;;;;;;;;;;;;;;;;;;INFORMAÇÕES SOBRE BALANÇO CONTÁBIL;;;;;;;;;;;;;;;
Estado;Quantidade de municípios atendidos;ATENDIMENTO COM ÁGUA;;;;SITUAÇÃO DA DELEGAÇÃO - ÁGUA;;;;;;;ATENDIMENTO COM ESGOTOS;;;;SITUAÇÃO DA DELEGAÇÃO - ESGOTO;;;;;;;POPULAÇÃO RESIDENTE;;;;Quantidade total de empregados próprios;RECEITAS OPERACIONAIS;;;;;;;Arrecadação total;Crédito de contas a receber;DESPESAS TOTAIS COM OS SERVIÇOS (DTS);;;;;;;;;;;;;;;;Serviço da dívida - Parcela 2 de 2 - Amortização;Totais serviço da dívida;INVESTIMENTOS CONTRATADOS PELO PRESTADOR DE SERVIÇOS;;;;;;;;INVESTIMENTOS CONTRATADOS PELA PREFEITURA MUNICIPAL;;;;;;;;INVESTIMENTOS CONTRATADOS PELO GOVERNO DO ESTADO;;;;;;;;POPULAÇÃO ATENDIDA;;QUANTIDADES DE LIGAÇÕES;;;QUANTIDADES DE ECONOMIAS ATIVAS;;;;VOLUMES DE ÁGUA;;;;;;;;;;;;;Extensão da rede;Consumo total de energia elétrica;POPULAÇÃO ATENDIDA;;QUANTIDADES DE ;;QUANTIDADE DE ECONOMIAS ATIVAS;;VOLUMES DE ESGOTO;;;;;;;Extensão da rede de esgoto;Consumo total de energia elétrica;Atendimento da portaria sobre qualidade da Água;PARALISAÇÕES EM SISTEMAS DE ;;;INTERMITÊNCIAS EM SISTEMAS DE ;;;AMOSTRAS PARA ANÁLISE CLORO RESIDUAL;;;AMOSTRAS PARA ANÁLISE ;;;AMOSTRAS PARA ANÁLISE COLIFORMES TOTAIS;;;EXTRAVASAMENTOS DE ESGOTO;;RECLAMAÇÕES E SERVIÇOS ;;;Ativo circulante;Ativo total;Exigível a longo prazo;Lucro líquido com depreciação;Passivo circulante;Patrimônio líquido;Receita operacional;Resultado de exercícios futuros;Resultado operacional com depreciação;Realizável a longo prazo;Lucro líquido sem depreciação;Resultado operacional sem depreciação;;;;
;;Quantidade de municípios atendidos com abastecimen;Aonde atende com abastecimento de água;Quantidade de sedes municipais atendidas com abasteciment;Quantidade localidades atendidas com abastecimento de água;MUNICÍPIOS ATENDIDOS;;;MUNICÍPIOS NÃO ATENDIDOS;;;Ano de vencimento da delegação;Quantidade de municípios atendidos com esgotamento ;Aonde atende com esgotamento sanitário;Quantidade de sedes municipais atendidas com esgotamento ;Quantidade de localidades atendidas com esgotamento ;MUNICÍPIOS ATENDIDOS;;;MUNICÍPIOS NÃO ATENDIDOS;;;Ano de vencimento da delegação;MUNICÍPIOS ATENDIDOS COM ;;MUNICÍPIOS ATENDIDOS COM ;;;Total (direta + indireta);DIRETA;;;;;Indireta;;;Total (DTS);DESPESAS DE EXPLORACÃO (DEX);;;;;;;;;SERVIÇO DA DÍVIDA - PARCELA 1 DE 2;;;Depreciação, amortização e provisão;Fiscais ou tributárias não incidentes na DEX;Outras despesas;;;SEGUNDO O DESTINO;;;;SEGUNDO A ORIGEM;;;Total;SEGUNDO O DESTINO;;;;SEGUNDO A ORIGEM;;;Total;SEGUNDO O DESTINO;;;;SEGUNDO A ORIGEM;;;Total;População total atendida com abastecimento de água;População urbana atendida com abastecimento de água;Total (ativas + inativas);Ativas;Ativas micromedidas;Total (ativas);Micromedidas;Residenciais;Residencias micromedidas;Produzido;Macromedido;De serviço;Tratada importado;Bruta exportado;Tratada exportado;Tratado em ETA(s);Tratada por simples desinfecção;Fluoretada;Micromedido;Consumido;Faturado;Micromedido nas economias residenciais ativas;;;População total atendida com esgotamento sanitário;População urbana atendida com esgotamento sanitário;Total (ativas + inativas);Ativas;Total   (ativas);Residenciais;Coletado;Tratado;Bruto exportado;Bruto exportado tratado nas instalações do importador;Bruto importado;Bruto importado tratado nas instalações do importador;Faturado;;;;Paralisações;Duração;Economias ativas atingidas;Interrupções;Duração;Economias ativas atingidas;Obrigatórias;Analisadas;Resultados fora do padrão;Obrigatórias;Analisadas;Resultados fora do padrão;Obrigatórias;Analisadas;Resultados fora do padrão;Extravasamentos;Duração;Reclamações ou solicitações de serviços;Serviços executados;Tempo total de execução dos serviços;;;;;;;;;;;;;;;;
;;;;;;Com delegação em vigor;Com delegação vencida;Sem delegação;Com delegação em vigor;Com delegação vencida;Sem delegação;;;;;;Com delegação em vigor;Com delegação vencida;Sem delegação;Com delegação em vigor;Com delegação vencida;Sem delegação;;População residente total, segundo o IBGE;População residente urbana;População residente total, segundo o IBGE;População residente urbana;;;Total;Água;Esgoto;Água Exportada;Esgoto bruto importado;;;;;Total (DEX);Pessoal próprio;Produtos químicos;Energia elétrica;Serviços de terceiros;Água importada (bruta ou tratada);Esgoto bruto exportado;Fiscais ou tributárias computadas na DEX;Outras despesas de exploração;Juros e encargos;Variação cambial;Total;;;;;;Despesas Capitalizáveis;Abastecimento de Água;Esgotamento Sanitário;Outros;Próprios;Onerosos;Não onerosos;;Despesas Capitalizáveis;Abastecimento de Água;Esgotamento Sanitário;Outros;Próprios;Onerosos;Não onerosos;;Despesas Capitalizáveis;Abastecimento de Água;Esgotamento Sanitário;Outros;Próprios;Onerosos;Não onerosos;;;;;;;;;;;;;;;;;;;;;;;;;;;;;;;;;;;;;;;;;;;;;;;;;;;;;;;;;;;;;;;;;;;;;;;;;;;;;
-;município;município;-;sede;localidade;município;município;município;município;município;município;ano;município;-;sede;localidade;município;município;município;município;município;município;ano;habitante;habitante;habitante;habitante;empregado;R$/ano;R$/ano;R$/ano;R$/ano;R$/ano;R$/ano;R$/ano;R$/ano;R$/ano;R$/ano;R$/ano;R$/ano;R$/ano;R$/ano;R$/ano;R$/ano;R$/ano;R$/ano;R$/ano;R$/ano;R$/ano;R$/ano;R$/ano;R$/ano;R$/ano;R$/ano;R$/ano;R$/ano;R$/ano;R$/ano;R$/ano;R$/ano;R$/ano;R$/ano;R$/ano;R$/ano;R$/ano;R$/ano;R$/ano;R$/ano;R$/ano;R$/ano;R$/ano;R$/ano;R$/ano;R$/ano;R$/ano;R$/ano;R$/ano;R$/ano;R$/ano;habitante;habitante;ligação;ligação;ligação;economia;economia;economia;economia;1.000 m³/ano;1.000 m³/ano;1.000 m³/ano;1.000 m³/ano;1.000 m³/ano;1.000 m³/ano;1.000 m³/ano;1.000 m³/ano;1.000 m³/ano;1.000 m³/ano;1.000 m³/ano;1.000 m³/ano;1.000 m³/ano;km;1.000 ;habitante;habitante;ligação;ligação;economia;economia;1.000 m³/ano;1.000 m³/ano;1.000 ;1.000 ;1.000 m³/ano;1.000 m³/ano;1.000 m³/ano;km;1.000 ;-;paralisação/a;hora/ano;economia/an;interrupção/a;hora/ano;economia/an;amostra/ano;amostra/ano;amostra/ano;amostra/ano;amostra/ano;amostra/ano;amostra/ano;amostra/ano;amostra/ano;extravasamentos/ano;hora/ano;reclamações/;serviço/ano;hora/ano;1.000 ;1.000 ;1.000 ;1.000 ;1.000 ;1.000 ;1.000 ;1.000 ;1.000 ;1.000 ;1.000 ;1.000 ;;;;
-;GE005;GE05a;GE019;GE008;GE010;GE001;GE002;GE003;GE025;GE026;GE027;GE017;GE05b;GE020;GE009;GE011;GE014;GE015;GE016;GE028;GE029;GE030;GE018;GE12a;GE06a;GE12b;GE06b;FN026;FN005;FN001;FN002;FN003;FN007;FN038;FN004;FN006;FN008;FN017;FN015;FN010;FN011;FN013;FN014;FN020;FN039;FN021;FN027;FN035;FN036;FN016;FN019;FN022;FN028;FN034;FN037;FN018;FN023;FN024;FN025;FN030;FN031;FN032;FN033;FN041;FN042;FN043;FN044;FN045;FN046;FN047;FN048;FN051;FN052;FN053;FN054;FN055;FN056;FN057;FN058;AG001;AG026;AG021;AG002;AG004;AG003;AG014;AG013;AG022;AG006;AG012;AG024;AG018;AG017;AG019;AG007;AG015;AG027;AG008;AG010;AG011;AG020;AG005;AG028;ES001;ES026;ES009;ES002;ES003;ES008;ES005;ES006;ES012;ES015;ES013;ES014;ES007;ES004;ES028;QD001;QD002;QD003;QD004;QD021;QD022;QD015;QD020;QD006;QD007;QD019;QD008;QD009;QD028;QD026;QD027;QD011;QD012;QD023;QD024;QD025;BL001;BL002;BL003;BL004;BL005;BL006;BL007;BL008;BL009;BL010;BL011;BL012;;;;
N - Norte;;;;;;;;;;;;;;;;;;;;;;;;;;;;;;;;;;;;;;;;;;;;;;;;;;;;;;;;;;;;;;;;;;;;;;;;;;;;;;;;;;;;;;;;;;;;;;;;;;;;;;;;;;;;;;;;;;;;;;;;;;;;;;;;;;;;;;;;;;;;;;;;;;;;;;;;;;;
Acre (AC);22;22;;22;5;22;;;;;;;1;;1;0;1;;;21;;;;881.935;638.685;407.319;373.994;890;73.604.407,39;73.028.994,82;64.063.550,82;8.965.444,00;0,00;0,00;575.412,57;35.087.386,34;194.126.509,00;95.656.551,33;80.705.515,47;41.865.198,79;14.107.719,98;22.096.302,28;2.142.614,68;0,00;0,00;493.679,74;0,00;0,00;0,00;0,00;1.872.809,57;0,00;13.078.226,29;0,00;0,00;0,00;45.226,85;0,00;0,00;45.226,85;0,00;0,00;45.226,85;0,00;0,00;0,00;0,00;0,00;0,00;0,00;0,00;0,00;18.613.146,91;2.597.554,98;0,00;510.489,25;14.223.060,80;6.477.151,84;21.210.701,89;423.469;408.163;160.454;114.200;63.021;118.276;69.121;112.376;65.613;59.815,77;30.704,28;1.310,03;0,00;0,00;0,00;54.977,40;4.819,89;0,00;14.930,44;22.986,44;22.986,44;12.925,22;2.413,59;43.940,47;88.199;87.950;56.877;23.075;27.055;24.915;4.472,62;4.472,62;0,00;0,00;0,00;0,00;4.472,62;548,34;1.049,67;;496;5.121;1.310.244;9.259;107.592,00;170.082.884;107.484;105.226;1.519;107.484;20.774;11.963;10.614;5.668;453;;;28.399;23.554;249.216,00;;;;;;;;;;;;;;;;
Amapá (AP);16;16;;16;53;0;0;16;0;0;;;6;;6;0;0;0;6;0;0;;;845.731;756.416;688.099;640.591;356;71.353.904,07;68.992.928,48;56.785.323,26;12.178.855,22;0,00;28.750,00;2.360.975,59;29.973.863,01;42.868.927,27;166.260.395,48;77.962.446,15;40.863.832,95;8.535.081,27;11.506.219,42;3.917.237,00;0,00;0,00;0,00;13.140.075,51;0,00;0,00;0,00;6.445.065,51;81.330.185,48;522.698,34;0,00;0,00;0,00;0,00;0,00;0,00;0,00;0,00;0,00;0,00;0,00;0,00;0,00;0,00;0,00;0,00;0,00;0,00;0,00;223.413,23;1.024.839,96;0,00;1.248.253,19;0,00;0,00;1.248.253,19;290.944;284.015;93.858;67.411;18.085;76.452;21.073;68.250;19.022;65.815,23;0,00;0,00;0,00;0,00;0,00;60.810,07;3.747,31;36.165,18;2.083,87;17.394,68;20.695,13;2.058,49;1.078,39;23.016,11;59.574;59.574;14.851;13.527;18.474;14.162;3.024,74;2.871,23;0,00;0,00;174,91;174,91;3.024,91;124,39;453,00;;44;264;39.546;0;0,00;0;58.350;5.181;335;56.130;5.301;1.136;5.676;79;22;95;142,50;1.602;1.315;986,25;135.643,54;278.148,39;84.534,72;0,00;467.272,45;-273.658,79;65.039,81;0,00;10.235,88;0,00;0,00;16.680,95;;;;
Amazonas (AM);25;25;;25;137;4;1;8;;;;;3;;3;1;1;0;0;;;;;2.951.514;2.600.266;2.227.735;2.202.238;1.428;578.038.136,60;527.697.863,77;472.271.251,57;55.426.612,20;0,00;0,00;50.340.272,83;383.002.241,46;352.815.475,85;503.320.306,68;280.890.468,52;60.053.832,04;20.967.873,89;74.720.575,75;58.014.668,30;33.099.109,51;0,00;7.849.855,28;26.184.553,87;5.642.612,58;3.098.747,68;8.741.360,26;28.439.148,07;50.134.827,22;135.114.456,84;29.236.229,58;37.977.589,84;30.231,19;112.046.157,36;36.203.387,84;29.470.878,57;89.073.902,35;88.676.752,61;0,00;177.750.654,96;155.000,00;1.200.154,84;80.000,00;78.000,00;889.654,84;35.000,00;0,00;1.513.154,84;0,00;0,00;0,00;25.000,00;0,00;0,00;0,00;25.000,00;2.584.829;2.469.532;596.450;531.967;404.731;644.996;482.436;595.698;463.743;248.938,11;265.493,30;49.291,97;70.084,95;0,00;25,00;196.716,84;37.590,80;183.990,39;57.721,96;86.277,83;103.557,25;48.227,51;5.898,28;161.619,99;441.358;441.122;110.921;67.506;76.511;70.063;19.754,57;19.544,57;0,00;0,00;0,00;0,00;10.491,18;602,41;4.467,23;;386;10.813;67.241;233;4.439,00;31.739;107.424;81.312;1.053;107.827;74.083;3.657;31.106;21.804;280;4.552;22.556,00;86.228;85.747;349.122,85;498.923,00;1.596.187,00;380.793,00;125.935,00;382.943,00;832.451,00;781.619,00;0,00;262.786,00;242.868,00;172.807,00;309.657,00;;;;
Pará (PA);87;86;;86;545;21;39;0;;;;;17;;17;2;6;1;0;14;38;;;6.836.471;5.007.596;3.617.945;3.211.354;2.718;424.515.542,50;414.813.887,23;377.845.477,56;36.918.409,67;0,00;50.000,00;9.701.655,27;314.921.677,58;169.074.765,73;775.753.363,00;509.551.844,60;214.055.745,11;23.870.821,22;133.410.842,01;97.663.629,93;745.857,30;3.000,00;21.304.140,13;18.497.808,50;87.132.599,40;19.263.076,81;106.395.676,21;147.826.409,36;-1.944.507,24;13.805.040,07;4.234.256,45;110.629.932,66;4.056,00;21.725.892,74;1.102.502,71;1.536.666,03;20.055.348,42;4.271.848,87;0,00;24.369.117,48;1.282.370,27;9.369.714,74;9.851.418,11;3.674.949,22;12.232.008,70;1.179.355,00;9.731.073,85;24.178.452,34;0,00;119.197.135,88;996.082,55;6.259.011,18;0,00;0,00;125.589.046,49;125.589.046,49;2.967.413;2.787.708;844.727;687.222;257.547;830.528;344.033;705.280;306.251;272.605,53;58.974,65;5.492,96;235,00;1,00;100,00;138.507,44;110.114,03;1.615,34;50.443,98;159.523,15;130.980,17;44.078,11;9.425,29;287.435,58;405.270;405.070;92.575;89.112;124.236;96.930;25.389,39;11.041,80;550,00;500,00;1.000,00;400,00;16.578,31;1.171,57;4.800,92;;1.622;20.890;1.373.438;688;12.157,77;362.689;187.164;62.141;2.851;180.150;62.120;2.352;85.180;31.366;737;112;173,34;327.551;208.984;156.224,36;182.963,40;1.898.015,47;544.438,34;-253.187,25;976.585,50;376.817,63;356.537,46;0,00;-251.712,25;108.102,43;-210.412,93;-208.937,93;;;;
Rondônia (RO);48;48;;48;42;25;0;16;;;;;10;;10;2;4;0;0;19;;;;1.744.962;1.316.706;893.924;770.529;994;194.942.142,21;178.984.289,60;170.501.396,71;8.482.892,89;0,00;0,00;15.957.852,61;181.580.012,92;113.632.400,44;245.489.638,09;232.667.691,76;106.268.383,48;9.115.996,81;27.051.731,23;21.857.344,79;0,00;0,00;22.170.134,18;46.204.101,27;0,00;1,85;1,85;7.642.746,33;682.022,00;4.497.176,15;0,00;1,85;0,00;8.663.282,23;556.338,15;2.436.552,56;2.007.536,28;9.648.636,66;0,00;11.656.172,94;0,00;38.300,66;7.714,99;0,00;0,00;7.714,99;0,00;46.015,65;0,00;6.434.332,13;951.619,05;0,00;0,00;0,00;7.385.951,18;7.385.951,18;818.865;811.797;414.381;241.863;199.328;266.764;217.643;242.335;185.863;111.830,01;19.057,24;1.077,67;0,00;0,00;0,00;74.025,25;30.223,41;5.568,81;31.267,18;43.427,38;46.258,39;26.207,85;5.163,22;48.154,23;103.461;95.838;39.690;30.927;34.801;29.688;3.989,32;3.073,45;0,00;0,00;0,00;0,00;3.765,42;388,58;600,07;;330;3.379;1.301.278;4.237;54.034,00;17.724.061;44.530;54.255;2.075;37.746;47.586;4.051;14.902;6.711;536;1.822;377,00;216.194;198.802;230.373,59;130.236,26;425.753,47;1.284.831,76;-64.598,75;156.045,32;-1.015.122,61;166.292,75;0,00;-53.205,89;10.348,68;-55.599,21;72.914,35;;;;
Roraima (RR);15;15;;15;20;13;;2;;;;;3;;3;0;1;;;12;;;;605.761;473.160;433.548;407.276;757;103.233.786,81;96.647.321,62;66.628.267,55;30.019.054,07;0,00;0,00;6.586.465,19;78.954.999,00;36.262.852,93;174.949.984,21;104.434.997,12;58.178.468,58;4.091.314,25;13.436.478,02;8.983.294,54;0,00;0,00;9.513.935,01;10.231.506,72;0,00;0,00;0,00;19.140.477,83;16.861.438,79;34.513.070,47;0,00;0,00;0,00;1.248.000,00;0,00;219.000,00;1.467.000,00;0,00;0,00;1.467.000,00;0,00;0,00;0,00;0,00;0,00;0,00;0,00;0,00;1.064.592,78;1.814.845,12;27.047.474,28;0,00;1.309.744,06;0,00;28.617.168,12;29.926.912,18;494.697;471.565;130.523;116.730;76.682;117.514;76.890;111.524;72.352;66.184,99;29.947,30;25,92;0,00;0,00;0,00;35.921,51;30.263,48;0,00;15.061,87;22.912,62;20.072,41;11.669,13;1.954,21;26.643,01;365.286;365.286;92.578;88.809;89.037;84.145;17.147,36;17.117,36;0,00;0,00;0,00;0,00;10.394,33;1.031,09;4.188,58;;0;0;;0;0,00;;40.799;82.382;1.341;40.795;61.985;231;6.369;6.619;0;3.851;10.718,00;88.856;83.035;29.325,27;41.976,00;101.538,00;0,00;-71.047,00;460.721,00;-393.422,00;89.953,00;0,00;-71.047,00;0,00;-67.109,00;-67.109,00;;;;
Tocantins (TO);143;143;;143;39;136;0;0;0;0;;;18;;17;3;16;0;0;85;0;;;1.773.858;1.373.621;899.467;797.854;1.609;529.281.885,11;497.389.861,00;382.739.564,80;114.635.296,20;15.000,00;0,00;31.892.024,11;504.341.349,46;138.611.897,63;510.080.994,40;312.103.951,58;110.643.890,59;5.434.289,56;40.501.873,28;41.599.456,68;0,00;0,00;42.263.580,31;71.660.861,16;119.495.463,84;0,00;119.495.463,84;79.479.680,36;-2.527.534,93;896.688,70;11.028.844,98;130.524.308,82;0,00;90.873.566,66;62.429.691,06;8.678.981,00;73.438.615,83;88.526.396,89;0,00;161.982.238,72;0,00;59.444,82;0,00;0,00;59.444,82;0,00;0,00;59.444,82;0,00;0,00;0,00;0,00;0,00;0,00;0,00;0,00;1.407.463;1.330.372;565.649;494.325;485.736;517.510;509.590;449.973;444.735;108.222,99;83.347,72;1.965,48;68,48;0,00;6.218,48;56.895,33;48.784,09;78.825,88;57.982,09;70.562,71;79.407,54;54.097,64;9.634,15;61.913,87;464.838;464.338;150.747;141.754;150.847;137.972;17.835,93;17.604,73;0,00;0,00;0,00;0,00;23.851,69;2.518,97;6.764,22;;832;23.885;1.692.881;377;3.818,18;1.087.004;223.433;238.061;220;223.531;237.056;210;77.745;81.167;113;722;2.049,68;1.486.580;1.367.580;41.273.171,32;366.946,00;1.521.295,00;1.092.348,00;-8.399,00;379.249,00;49.926,00;445.812,00;0,00;91.477,00;124.384,00;59.201,00;159.077,00;;;;
Total por grupo:;355;355;;355;841;221;40;42;0;0;;;58;;57;8;29;1;6;151;38;;;15.640.232;12.166.450;9.168.037;8.403.836;8.752;1.974.969.804,69;1.857.555.146,52;1.590.834.832,27;266.626.564,25;15.000,00;78.750,00;117.414.658,17;1.527.861.529,77;1.047.392.828,85;2.471.511.233,19;1.598.316.915,20;631.929.351,54;86.123.096,98;322.724.021,99;234.178.245,92;33.844.966,81;3.000,00;103.595.324,65;185.918.907,03;212.270.675,82;22.361.826,34;234.632.502,16;290.846.337,03;144.536.431,32;202.427.356,86;44.499.331,01;279.131.833,17;34.287,19;234.602.125,84;100.291.919,76;42.342.078,16;186.087.629,73;191.123.635,03;0,00;377.270.410,95;1.437.370,27;10.667.615,06;9.939.133,10;3.752.949,22;13.181.108,36;1.222.069,99;9.731.073,85;25.797.067,65;1.064.592,78;146.282.873,27;32.617.570,82;6.284.011,18;3.068.486,50;14.223.060,80;168.069.317,63;185.385.864,93;8.987.680;8.563.152;2.806.042;2.253.718;1.505.130;2.572.040;1.720.786;2.285.436;1.557.579;933.412,63;487.524,49;59.164,03;70.388,43;1,00;6.343,48;617.853,84;265.543,01;306.165,60;229.491,39;423.084,81;423.957,33;199.263,95;35.567,13;652.723,26;1.927.986;1.919.178;558.239;454.710;520.961;457.875;91.613,93;75.725,76;550,00;500,00;1.174,91;574,91;72.578,46;6.385,35;22.323,69;;3.710;64.352;5.784.628;14.794;182.040,95;189.288.377;769.184;628.558;9.394;753.663;508.905;23.600;231.592;153.414;2.141;11.154;36.016,52;2.235.410;1.969.017;42.288.419,64;1.356.688,20;5.820.937,33;3.386.945,82;-271.297,00;2.822.816,27;-423.008,77;1.905.254,02;0,00;-11.466,26;485.703,11;-101.113,14;282.282,37;;;;
NE - Nordeste;;;;;;;;;;;;;;;;;;;;;;;;;;;;;;;;;;;;;;;;;;;;;;;;;;;;;;;;;;;;;;;;;;;;;;;;;;;;;;;;;;;;;;;;;;;;;;;;;;;;;;;;;;;;;;;;;;;;;;;;;;;;;;;;;;;;;;;;;;;;;;;;;;;;;;;;;;;
Alagoas (AL);89;89;;88;766;38;28;10;;;;;22;;22;10;8;4;1;30;24;;;3.125.466;2.370.665;1.944.542;1.739.265;1.526;626.431.480,93;587.603.784,07;481.866.323,98;105.737.460,09;0,00;0,00;38.827.696,86;702.470.426,67;686.842.465,51;652.682.355,51;485.263.988,82;209.323.712,20;10.866.007,88;88.201.463,87;143.456.580,28;731.987,00;0,00;24.743.622,05;7.940.615,54;1.524.169,40;36.957.422,45;38.481.591,85;52.423.564,43;40.101.604,81;36.411.605,60;57.745.245,74;96.226.837,59;0,00;14.309.253,54;1.184.224,59;79.679,00;15.548.706,13;0,00;0,00;15.573.157,13;0,00;5.051.607,62;90.000,00;509.500,00;709.500,00;4.681.607,62;0,00;5.391.107,62;0,00;8.517.776,91;0,00;0,00;8.517.776,91;0,00;0,00;8.517.776,91;2.357.068;2.121.189;792.752;563.789;486.015;639.043;557.146;595.340;525.444;197.156,21;71.643,59;6.472,03;1.612,40;1.021,00;240,00;124.997,17;40.501,26;18.948,51;75.379,77;134.980,95;93.190,69;59.762,79;7.046,46;205.041,24;679.181;678.873;150.231;127.562;173.088;158.451;21.921,20;19.945,44;0,00;0,00;0,00;0,00;22.284,14;999,08;8.949,13;;1.838;23.500;4.365.513;3.396;102.460,91;5.245.756;67.981;75.155;9.475;46.173;40.832;2.735;30.711;29.938;2.955;539;18.282,00;189.057;177.942;5.512.678,55;117.952,03;458.997,22;536.763,16;65.832,42;374.894,17;-452.660,10;514.678,28;0,00;69.709,31;32.523,73;73.664,99;77.541,88;;;;
Bahia (BA);396;396;;395;1.767;190;173;6;0;0;;;168;;158;114;55;53;0;135;119;;;14.456.724;10.624.259;10.703.081;8.753.733;7.154;3.704.009.681,91;3.592.640.459,73;2.642.815.113,93;948.707.099,69;189,77;1.118.056,34;111.369.222,18;3.311.989.846,39;930.655.185,24;3.554.086.679,60;2.642.925.981,13;849.894.006,52;109.904.682,09;300.039.378,12;742.547.418,48;23.727.755,88;65.755,00;329.963.444,12;286.783.539,90;31.954.948,36;670.551,52;32.625.499,88;749.183.068,77;64.308.717,92;64.927.738,29;92.136.684,13;124.762.184,01;58.725.008,04;238.586.314,82;204.910.980,06;28.977.992,42;339.551.007,03;36.073.895,70;153.122.692,22;531.200.295,34;548.590,61;1.573.420,69;792.884,60;144.980,00;1.722.032,40;45.000,00;843.000,00;3.059.875,90;300.000,00;2.398.000,00;0,00;0,00;2.000.000,00;0,00;600.000,00;2.698.000,00;11.725.988;10.058.343;4.368.284;3.498.463;3.384.704;4.156.038;4.023.844;3.841.027;3.731.629;853.762,26;784.529,67;30.759,98;4.212,43;1.087,46;78,00;729.151,15;116.510,64;82.741,93;408.021,64;494.395,79;486.269,72;353.889,10;46.246,05;599.949,77;5.790.656;5.599.285;1.754.476;1.583.786;2.102.358;1.930.697;269.352,47;227.716,03;246,04;0,00;55,00;45,00;231.276,38;16.435,87;81.010,42;;4.365;97.261;12.855.020;1.067.626;24.745.487,49;387.034.875;427.731;454.031;9.839;340.882;383.860;10.153;191.408;199.335;2.803;15.901;26.653,88;10.444.894;8.068.215;11.882.400,67;1.082.384,46;8.052.093,02;1.620.642,43;193.037,80;655.829,86;5.906.632,13;3.474.939,73;0,00;151.701,90;1.040.724,66;588.306,63;546.970,73;;;;
Ceará (CE);177;177;;177;690;151;1;1;;;;;98;;98;22;74;0;1;77;1;;;8.935.878;6.767.179;7.353.151;5.927.170;2.570;1.700.887.503,19;1.645.341.592,00;1.171.507.477,26;473.834.114,74;0,00;0,00;55.545.911,18;1.752.217.770,09;640.346.466,27;1.570.666.589,48;1.244.653.865,24;340.479.883,23;64.438.448,12;146.238.195,58;236.557.109,09;70.232.183,37;0,00;127.080.229,84;259.627.816,01;24.927.845,42;9.644.805,50;34.572.650,92;250.379.383,56;37.760.491,33;3.020.788,07;57.969.445,50;92.542.096,42;238.909,01;164.748.688,78;65.528.410,07;538.004,18;163.470.923,98;18.704.656,88;48.259.337,65;231.054.012,04;23.456,38;1.103.463,29;678.030,61;162.909,00;324.705,81;0,00;0,00;650.736,42;0,00;991.887,80;0,00;0,00;698.000,00;0,00;0,00;698.000,00;5.238.334;4.974.014;2.782.883;1.994.919;1.947.310;2.236.972;2.187.568;2.091.294;2.054.159;460.753,92;306.518,93;1.162,38;2.899,25;0,00;529,66;385.118,73;72.236,46;252.347,13;233.941,94;263.770,06;330.010,22;209.577,66;20.512,55;247.990,50;2.290.370;2.249.423;1.044.213;738.048;924.356;853.877;99.789,28;90.935,75;0,00;0,00;0,00;0,00;112.243,18;5.848,60;27.950,83;;3.907;100.441;16.189.090;4.832;695.023,19;6.618.464;662.625;774.137;5.637;721.917;1.891.538;859.324;111.426;103.109;5.595;5.145;14.484,07;1.650.889;1.644.043;112.655.677,23;629.418,23;3.724.068,96;780.288,07;168.761,92;520.491,63;2.423.289,25;1.644.177,11;0,00;179.712,92;208.258,26;377.171,43;388.122,43;;;;
Maranhão (MA);167;167;;166;787;42;93;8;;;;;18;;18;28;6;1;0;36;91;;;6.187.687;4.077.278;2.602.282;2.077.275;3.328;770.496.117,76;732.302.285,17;541.813.829,69;190.318.367,48;110.088,00;60.000,00;38.193.832,59;524.194.727,68;1.346.650.860,82;912.196.391,68;679.303.620,62;397.433.327,06;19.771.472,55;138.540.050,21;92.871.929,22;266.015,00;27.500,00;4.550.969,89;25.842.356,33;126.662.286,10;8.399.342,47;135.061.628,57;38.500.554,37;57.198.278,93;1.546.939,03;42.549,08;135.104.177,65;209.107,20;68.465.158,31;959.450,04;4.635.093,54;39.876.276,25;34.273.332,84;2.000,00;74.268.809,09;92.000,00;350.464,00;3.000,00;59.000,00;279.464,00;55.000,00;0,00;504.464,00;0,00;500.000,00;0,00;0,00;0,00;0,00;500.000,00;500.000,00;3.427.119;3.075.933;1.229.930;920.956;339.042;1.044.861;420.404;960.406;390.222;472.790,71;128.226,63;28.764,04;5.124,74;2.987,84;4.557,80;174.883,28;199.522,91;19.325,17;55.857,89;182.036,19;159.655,01;47.723,52;10.666,68;244.620,49;813.839;747.063;180.729;165.406;253.493;229.250;49.070,93;21.450,99;43,00;0,00;37,50;14,50;40.160,30;1.633,84;4.218,24;;481;7.124;704.681;262;3.529,00;348.497;136.646;80.522;3.693;129.282;127.370;1.853;80.353;70.217;3.207;8.396;600.086,00;405.278;313.841;26.490.304,48;1.328.743,00;3.164.561,00;482.088,00;-160.444,00;1.888.650,00;772.110,00;633.222,00;0,00;-54.328,00;1.515.914,00;-122.406,00;-16.290,00;;;;
Paraíba (PB);210;210;;210;63;110;76;14;;;;;54;;53;13;10;12;;100;64;;;3.878.290;2.958.194;2.365.153;2.077.210;3.137;944.346.833,69;894.278.654,69;642.062.222,10;246.324.124,98;5.884.307,60;8.000,01;50.068.178,99;889.189.963,59;443.340.688,34;854.307.879,88;759.283.105,16;393.312.870,67;35.948.683,96;44.237.675,68;115.620.361,08;28.000,00;67.000,00;90.347.807,84;79.720.705,92;5.568.244,14;4.000,00;5.572.244,14;21.004.521,32;19.652.172,68;48.769.606,31;63.538.576,57;69.110.820,71;74.703.940,78;13.526.007,87;15.984.371,60;47.100.554,39;132.717.591,70;13.361.344,78;5.235.938,16;151.314.874,64;206.144,75;1.068.430,08;596.193,00;331.081,25;1.217.649,08;600.000,00;86.200,00;2.201.849,08;6.563.801,87;26.905.259,99;1.860.100,91;0,00;28.721.640,88;0,00;6.607.521,89;35.329.162,77;2.910.101;2.738.098;1.112.861;847.444;786.272;966.347;903.897;911.258;855.070;211.468,36;112.031,38;10.472,51;1.353,00;630,00;4.522,96;204.207,72;5.162,55;455,24;107.846,49;123.869,09;151.020,22;95.577,09;6.093,43;207.182,49;1.364.157;1.333.321;377.020;344.401;430.811;379.951;61.172,29;54.690,97;1.000,00;0,00;1.348,01;0,00;60.957,28;1.836,26;9.487,90;;93;1.352;30.024;168;3.525,00;37.794;48.714;56.752;11.213;48.679;40.496;1.893;48.719;42.102;2.092;654;1.871,00;1.036.251;975.056;438.816,62;502.694,00;1.520.791,00;302.241,00;99.721,00;203.678,00;1.014.872,00;910.598,00;0,00;119.335,00;1.018.097,00;120.990,00;140.604,00;;;;
Pernambuco (PE);178;178;;178;168;152;5;16;;;;;69;;69;89;28;;4;124;5;;;9.418.185;7.587.881;6.623.771;5.796.661;3.659;1.787.781.152,34;1.732.309.358,24;1.341.542.878,19;390.573.480,05;0,00;193.000,00;55.471.793,10;1.618.918.616,70;642.112.902,74;1.649.455.268,46;1.482.526.205,73;374.604.754,23;39.581.133,30;195.941.549,18;513.898.059,07;0,00;4.310,04;169.701.645,30;188.794.754,61;25.283.208,30;69.542,64;25.352.750,94;62.077.696,32;-17.072.770,66;96.310.585,90;114.261.262,54;139.614.013,48;24.250.689,78;336.693.854,39;365.314.526,10;53.738,57;302.503.078,87;51.379.126,35;372.326.538,58;726.312.808,84;7.875.824,05;1.237.559,00;2.164.822,57;2.168.230,00;3.225.374,81;2.475,00;556.647,46;13.446.435,62;51.660.358,00;31.393.920,00;7.813.157,20;3.669.523,60;2.850.000,00;0,00;300.000,00;94.536.958,80;7.642.886;6.999.146;2.297.300;2.027.973;1.759.107;2.453.592;2.159.914;2.331.149;2.049.348;595.871,41;548.093,92;33.441,97;0,00;0,00;0,00;534.867,98;60.361,49;7.189,05;243.452,86;280.533,39;351.291,52;196.422,02;22.053,20;543.785,52;2.669.648;2.528.823;681.933;623.662;731.884;662.398;118.196,52;89.420,35;136,00;0,00;750,00;0,00;111.659,88;10.246,00;22.412,32;;2.206;62.554;17.035.713;20;127,00;9.303;106.288;114.440;749;93.716;101.755;6.772;87.632;95.747;512;30.277;1.268.981,01;360.890;350.681;53.216.112,00;809.188,00;8.141.050,73;1.484.352,00;212.855,27;432.233,28;6.224.465,53;1.749.161,00;0,00;219.607,00;251.970,00;274.930,00;281.682,00;;;;
Piauí (PI);181;181;;181;881;98;45;12;;;;;27;;27;1;10;3;2;1;;;;3.056.213;2.079.332;1.531.115;1.298.860;1.937;554.525.162,92;519.131.264,87;455.499.311,31;63.483.723,42;148.230,14;0,00;35.393.898,05;523.419.663,46;491.051.688,02;666.247.073,75;493.768.000,18;242.517.837,46;14.255.235,69;100.997.679,38;88.807.488,55;29.409,40;0,00;15.226.848,15;31.933.500,92;25.663.823,24;157,00;25.663.980,24;40.381.599,78;92.589.638,40;13.833.480,90;200.036.477,03;225.700.457,27;1.305.278,37;71.876.085,80;20.697.558,14;33.817.024,06;4.048.530,13;113.710.952,15;8.607.652,29;127.695.946,37;390.690,76;988.222,97;406.821,96;33.340,65;1.063.648,68;11.200,00;53.100,00;1.819.076,34;0,00;0,00;0,00;0,00;0,00;0,00;0,00;0,00;2.357.765;1.909.566;1.001.582;777.487;656.657;850.805;701.662;727.215;635.690;228.086,98;119.797,75;22.201,02;2.403,00;1.305,33;1.010,40;135.851,90;87.368,71;92.377,05;89.568,10;107.459,10;115.917,12;79.996,00;9.352,60;161.307,44;512.687;509.973;176.410;119.046;143.785;126.307;18.060,38;16.016,28;0,00;0,00;0,00;0,00;18.396,72;1.250,09;5.448,19;;867;6.894;4.861.185;581;8.948,00;48.633;35.798;42.713;786;35.799;45.202;1.308;29.036;22.062;973;404;952,00;1.439.512;1.048.283;1.047.099,90;319.621,65;1.626.880,47;49.341,08;-110.684,65;2.360.990,68;-913.365,62;637.380,83;0,00;37.933,85;96.083,50;-73.635,30;74.983,21;;;;
Rio Grande do Norte (RN);163;163;;160;137;48;54;54;;;;;63;;62;205;20;15;10;28;33;;;3.447.674;2.694.937;2.542.714;2.161.216;2.514;768.984.395,85;752.661.459,62;620.417.501,98;132.243.256,14;0,00;701,50;16.322.935,73;733.351.806,76;85.125.095,18;700.912.524,03;596.100.930,91;275.043.110,39;5.234.706,95;135.949.169,03;63.597.426,24;3.085,00;500,00;76.554.239,99;39.718.693,30;15.802.911,33;3.490,00;15.806.401,33;73.377.086,25;5.755.032,07;9.871.608,45;53.153,52;15.859.554,85;75.000,00;199.797.698,59;69.512.739,68;1.252.314.065,73;1.280.800.858,95;0,00;240.673.736,77;1.521.699.504,00;33.885,68;287.096,26;92.225,16;45.500,00;325.000,00;580,00;0,00;458.707,10;0,00;0,00;0,00;0,00;0,00;0,00;0,00;0,00;2.887.371;2.543.186;1.016.060;798.877;722.930;898.474;808.800;840.989;767.439;230.997,09;168.844,45;1.446,27;480,00;480,00;1.944,73;80.325,78;148.298,88;0,00;98.438,31;112.214,79;140.545,29;88.141,23;10.754,91;221.634,03;895.519;877.072;242.955;226.804;275.524;245.911;38.602,64;37.433,71;10,00;0,00;506,50;0,00;43.186,00;2.596,61;13.418,99;;660;30.516;8.569.671;235;2.368,60;5.739;47.379;24.970;2.108;47.231;24.809;1.938;47.108;24.478;898;21.009;833.468,80;194.646;169.167;12.801.481,37;381.094,00;3.777.593,00;1.316.190,00;28.810,00;153.699,00;2.307.684,00;732.583,00;0,00;24.458,00;3.396.479,00;102.153,00;97.800,00;;;;
Sergipe (SE);75;75;;75;642;56;12;3;;;;;12;;12;4;5;;;51;12;;;2.298.696;1.704.001;1.153.178;1.024.444;1.843;691.142.630,51;631.441.039,58;521.205.946,71;110.160.092,87;0,00;75.000,00;59.701.590,93;630.691.832,32;604.249.260,66;668.106.701,36;572.767.666,94;258.150.289,39;27.920.391,73;86.356.317,29;119.583.907,48;1.477.619,65;3.500,00;39.022.315,98;40.253.325,42;10.400.034,97;899.239,04;11.299.274,01;82.083.384,47;1.412.742,86;449.133,08;40.389.462,01;51.688.736,02;0,00;6.502.718,48;4.175.749,21;3.537.934,24;12.575.798,62;0,00;0,00;14.216.401,93;0,00;544.274,36;6.000,00;9.000,00;24.000,00;0,00;0,00;27.000,00;0,00;27.437.623,26;107.894.577,23;3.632.298,00;0,00;101.332.750,45;36.781.748,04;138.114.498,49;1.976.498;1.615.186;732.868;620.150;608.143;658.913;646.983;619.625;611.347;178.638,66;80.505,49;8.620,23;4,30;0,00;0,00;157.036,74;20.661,41;171.682,05;74.673,66;95.903,71;98.969,94;65.055,66;6.542,02;217.664,01;482.019;471.184;158.472;154.841;183.202;161.493;26.612,75;26.213,15;100,00;0,00;1.000,00;0,00;25.098,48;1.479,43;6.212,26;;32;273;173.418;235;1.628,00;48.996;42.628;43.075;2.625;42.628;45.939;8.064;27.589;34.935;1.164;169;1.202,00;8.705;8.101;5.167,00;176.300,08;1.861.858,42;221.059,96;770,41;142.721,12;1.498.077,33;669.124,23;0,00;12.632,66;5.765,88;43.765,29;55.627,54;;;;
Total por grupo:;1636;1.636;;1.630;5.901;885;487;124;0;0;;;531;;519;486;216;88;18;582;349;;;54.804.813;40.863.726;36.818.987;30.855.834;27.668;11.548.604.959,10;11.087.709.897,97;8.418.730.605,15;2.661.381.719,46;6.142.815,51;1.454.757,85;460.895.059,61;10.686.444.653,66;5.870.374.612,78;11.228.661.463,75;8.956.593.364,73;3.340.759.791,15;327.920.762,27;1.236.501.478,34;2.116.940.279,49;96.496.055,30;168.565,04;877.191.123,16;960.615.307,95;267.787.471,26;56.648.550,62;324.436.021,88;1.369.410.859,27;301.705.908,34;275.141.485,63;626.172.856,12;950.608.878,00;159.507.933,18;1.114.505.780,58;748.268.009,49;1.371.054.086,13;2.291.092.771,66;267.503.308,70;828.227.895,67;3.393.335.809,38;9.170.592,23;12.204.538,27;4.829.977,90;3.463.540,90;8.891.374,78;5.395.862,62;1.538.947,46;27.559.252,08;58.524.159,87;98.144.467,96;117.567.835,34;7.301.821,60;42.787.417,79;101.332.750,45;44.789.269,93;280.394.396,97;40.523.130;36.034.661;15.334.520;12.050.058;10.690.180;13.905.045;12.410.218;12.918.303;11.620.348;3.429.525,60;2.320.191,81;143.340,43;18.089,12;7.511,63;12.883,55;2.526.440,45;750.624,31;645.066,13;1.387.180,66;1.795.163,07;1.926.869,73;1.196.145,07;139.267,90;2.649.175,49;15.498.076;14.995.017;4.766.439;4.083.556;5.218.501;4.748.335;702.778,46;583.822,67;1.535,04;0,00;3.697,01;59,50;665.262,36;42.325,78;179.108,28;;14.449;329.915;64.784.315;1.077.355;25.563.097,19;399.398.057;1.575.790;1.665.795;46.125;1.506.307;2.701.801;894.040;653.982;621.923;20.199;82.494;2.765.980,76;15.730.122;12.755.329;224.049.737,82;5.347.395,45;32.327.893,82;6.792.965,70;498.660,17;6.733.187,74;18.781.104,52;10.965.864,18;0,00;760.762,64;7.565.816,03;1.384.940,04;1.647.041,79;;;;
SE - Sudeste;;;;;;;;;;;;;;;;;;;;;;;;;;;;;;;;;;;;;;;;;;;;;;;;;;;;;;;;;;;;;;;;;;;;;;;;;;;;;;;;;;;;;;;;;;;;;;;;;;;;;;;;;;;;;;;;;;;;;;;;;;;;;;;;;;;;;;;;;;;;;;;;;;;;;;;;;;;
Espírito Santo (ES);77;77;;77;205;49;4;2;0;0;;;67;;65;130;29;2;2;20;1;;;3.988.566;3.355.489;3.840.483;3.283.357;2.648;1.235.574.865,31;1.208.003.692,82;839.716.889,83;368.186.802,99;0,00;100.000,00;27.571.172,49;1.211.729.277,86;226.347.291,54;974.350.954,87;817.304.204,64;283.831.348,99;22.567.198,69;129.934.688,88;199.081.613,87;0,00;10.000,00;109.252.072,32;72.627.281,89;12.869.016,72;301.005,86;13.170.022,58;106.279.889,71;17.739.731,55;19.701.106,39;38.058.476,36;51.228.498,94;160.777,42;74.505.422,30;153.687.988,73;39.988.987,91;198.899.601,09;25.548.219,42;37.766.960,92;268.343.176,36;1.745.893,33;1.539.819,90;2.591.615,16;24.300,00;581.171,69;2.235.610,50;2.132.656,20;5.901.628,39;21.259,51;0,00;0,00;0,00;21.259,51;0,00;0,00;21.259,51;3.243.410;3.090.664;999.537;861.124;827.960;1.258.245;1.217.934;1.122.726;1.119.470;328.796,01;273.060,81;4.328,82;34,87;0,00;73,83;326.814,73;976,89;318.327,12;189.432,76;203.625,62;236.000,80;137.419,89;14.322,42;168.901,81;2.229.294;2.121.109;1.125.002;575.007;810.756;751.875;121.479,10;87.216,01;3.100,00;0,00;35.000,00;0,00;118.335,38;19.060,18;28.053,66;;605;7.267;2.912.387;476;5.358,01;108.431;570.184;659.520;1.312;564.716;553.738;1.130;60.229;66.422;853;45.981;534.700,48;647.646;567.269;7.441.896,03;447.986,07;3.608.272,06;476.958,32;212.866,16;277.070,61;2.854.243,13;1.067.953,61;0,00;233.607,97;292.358,95;310.520,04;331.261,77;;;;
Minas Gerais (MG);812;812;;810;1.383;571;63;1;;;;;651;;643;960;262;5;1;26;;;;20.915.906;17.973.031;19.747.278;17.248.635;24.473;6.964.458.067,21;6.769.839.566,67;4.283.310.535,17;2.486.150.245,51;54.362,94;324.423,05;194.618.496,53;6.618.947.650,11;235.965.833,17;6.066.872.502,80;4.560.810.834,60;1.897.942.417,54;129.054.888,08;728.223.234,72;651.361.876,72;129.125,14;292.141,85;401.361.956,02;752.445.193,19;211.754.240,11;63.065.496,13;274.819.736,24;767.706.862,44;330.257.497,19;129.920.284,31;32.990.848,14;307.810.584,38;55.045.909,52;393.017.731,68;246.604.920,00;121.751.944,23;562.921.323,97;238.385.035,27;12.742.706,60;816.420.505,43;4.293.638,67;12.816.961,90;14.505.779,66;39.198.586,29;10.905.750,08;46.380.906,65;7.061.801,83;74.861.227,92;121.037,00;500.398,00;59.001,00;15.001,00;100.001,00;30.001,00;154.333,00;394.337,00;17.165.390;16.689.891;6.493.138;6.269.167;6.086.869;7.682.836;7.487.717;6.719.900;6.564.894;1.584.203,94;1.368.301,25;15.850,89;2.557,89;510,18;892,13;1.402.843,22;166.045,62;1.417.295,28;924.916,34;995.033,43;1.015.671,72;765.245,78;83.599,60;1.176.965,19;15.280.408;14.678.976;5.501.180;5.283.716;7.063.619;5.409.339;800.064,27;435.892,21;1.507,66;769,66;2.031,59;378,85;709.530,62;60.482,60;75.098,37;;7.942;89.158;11.224.647;18.098;134.229,02;2.539.132;3.792.551;3.627.264;30.100;3.792.459;3.503.805;123.534;373.888;396.093;4.810;252.523;3.069.935,54;6.983.949;4.433.884;580.053.284,50;2.029.422,44;12.221.479,97;3.954.617,86;829.150,72;1.166.805,49;7.221.833,59;5.452.155,51;0,00;1.260.694,56;2.594.280,12;1.440.810,99;1.872.353,85;;;;
Rio de Janeiro (RJ);88;88;;88;298;72;7;1;0;0;;;62;;62;178;30;0;0;12;4;;;17.204.975;16.639.113;15.514.685;15.116.346;10.611;8.486.052.460,43;8.344.648.387,68;5.252.276.373,95;2.993.824.342,89;98.547.670,84;0,00;141.404.072,74;6.957.381.265,51;3.084.165.520,37;6.328.010.105,56;4.068.698.226,07;1.470.196.602,14;132.053.322,49;837.340.386,44;787.388.724,39;78.584.992,68;18.558,00;404.051.645,54;359.063.994,39;205.529.290,71;2.889.045,50;208.418.336,21;1.788.875.974,35;249.808.669,94;2.975.747,85;244.925.701,14;453.344.037,35;0,00;196.769.607,68;254.370.055,38;41.157.078,51;265.940.758,02;222.448.431,42;459.656,72;492.296.741,57;3.739.406,76;8.830.054,45;30.045.664,19;1.061.922,44;30.551.741,10;0,00;7.076,00;43.677.047,84;2.728.719,20;74.275.789,73;4.716.947,64;2.854.935,35;30.158.229,58;46.105.788,59;0,00;3.491.370,35;15.603.715;15.461.042;3.781.960;3.394.586;1.969.406;5.566.668;3.904.306;5.203.442;3.586.406;2.243.973,62;2.053.411,19;287.960,88;60.496,66;13.014,00;79.901,65;1.909.548,97;316.425,28;1.917.219,83;715.089,70;1.253.953,09;917.395,26;604.761,81;39.502,08;1.251.304,76;11.072.314;10.887.991;2.517.210;2.214.630;3.807.334;3.490.222;801.816,63;498.972,97;5.085,00;4.875,00;3.271,00;3.270,00;589.448,55;19.815,36;107.253,09;;1.066;9.395;1.069.399;9.748;234.946,20;1.277.124;1.073.932;1.051.193;4.740;1.045.253;781.413;134.762;242.526;249.462;12.486;86.045;1.757.014,45;1.984.089;1.549.045;29.215.634,96;42.562.106,61;144.461.741,76;11.905.144,87;2.685.579,66;27.628.377,76;105.448.116,85;60.723.538,20;0,00;605.205,72;3.352.588,46;3.139.173,17;1.065.799,23;;;;
São Paulo (SP);628;628;;628;581;378;18;5;;;;;628;;628;490;380;18;4;;;;;45.743.564;43.906.752;45.743.564;43.906.752;35.249;22.642.008.294,85;21.912.943.049,01;10.827.649.481,34;9.668.012.347,03;1.353.993.278,07;63.287.942,57;729.065.245,10;20.842.212.491,96;6.319.409.970,24;18.862.499.771,36;13.457.163.806,10;4.508.863.552,22;504.764.051,43;2.014.005.471,26;2.858.421.872,60;111.260.645,83;32.386.124,08;1.361.031.962,14;2.066.430.126,07;660.036.988,92;27.127.244,53;687.164.233,45;2.183.290.507,25;1.366.522.637,45;1.165.350.878,44;2.231.631.019,33;2.918.795.252,78;247.095.525,18;1.803.031.990,77;1.946.511.116,76;1.974.976.040,59;4.822.768.226,51;1.044.988.013,99;97.969.108,74;5.971.614.673,30;2.158.113,92;35.415.699,55;16.782.317,81;1.760.603,10;39.105.739,86;4.519.610,72;8.329.360,42;54.444.932,42;0,00;6.440.032,44;10.120.464,20;2.568.928,21;9.638.399,22;3.003.995,38;3.511.340,07;17.798.434,23;44.006.829;43.248.599;15.359.501;13.838.685;13.740.400;18.200.642;18.110.797;16.612.132;16.510.614;4.464.132,02;4.278.717,58;200.856,68;92.750,19;1,00;111.853,01;3.699.024,17;735.805,46;4.433.744,21;2.633.548,26;2.834.016,02;3.199.810,75;2.204.419,12;150.553,06;3.348.091,12;41.297.168;40.862.901;13.509.396;12.360.000;16.363.628;14.903.589;2.197.681,03;1.789.393,38;71.803,87;71.793,87;48.992,26;48.868,13;2.738.532,07;116.900,41;713.947,94;;16.429;143.388;25.607.501;3.100;422.937,03;2.599.963;1.334.589;1.747.431;35.544;1.293.395;1.614.220;19.863;608.693;646.827;20.429;250.550;5.113.536,59;9.510.258;6.323.222;205.170.896,00;5.566.790,34;50.127.092,21;20.019.807,91;3.621.699,81;7.137.608,64;22.971.251,57;18.341.785,52;0,00;6.157.547,53;1.719.331,97;5.548.332,17;8.084.448,07;;;;
Total por grupo:;1605;1.605;;1.603;2.467;1.070;92;9;0;0;;;1.408;;1.398;1.758;701;25;7;58;5;;;87.853.011;81.874.385;84.846.010;79.555.090;72.981;39.328.093.687,80;38.235.434.696,18;21.202.953.280,29;15.516.173.738,42;1.452.595.311,85;63.712.365,62;1.092.658.986,86;35.630.270.685,44;9.865.888.615,32;32.231.733.334,59;22.903.977.071,41;8.160.833.920,89;788.439.460,69;3.709.503.781,30;4.496.254.087,58;189.974.763,65;32.706.823,93;2.275.697.636,02;3.250.566.595,54;1.090.189.536,46;93.382.792,02;1.183.572.328,48;4.846.153.233,75;1.964.328.536,13;1.317.948.016,99;2.547.606.044,97;3.731.178.373,45;302.302.212,12;2.467.324.752,43;2.601.174.080,87;2.177.874.051,24;5.850.529.909,59;1.531.369.700,10;148.938.432,98;7.548.675.096,66;11.937.052,68;58.602.535,80;63.925.376,82;42.045.411,83;81.144.402,73;53.136.127,87;17.530.894,45;178.884.836,57;2.871.015,71;81.216.220,17;14.896.412,84;5.438.864,56;39.917.889,31;49.139.784,97;3.665.673,07;21.705.401,09;80.019.344;78.490.196;26.634.136;24.363.562;22.624.635;32.708.391;30.720.754;29.658.200;27.781.384;8.621.105,59;7.973.490,83;508.997,27;155.839,61;13.525,18;192.720,62;7.338.231,09;1.219.253,25;8.086.586,44;4.462.987,06;5.286.628,16;5.368.878,53;3.711.846,60;287.977,16;5.945.262,88;69.879.184;68.550.977;22.652.788;20.433.353;28.045.337;24.555.025;3.921.041,03;2.811.474,57;81.496,53;77.438,53;89.294,85;52.516,98;4.155.846,62;216.258,55;924.353,06;;26.042;249.208;40.813.934;31.422;797.470,26;6.524.650;6.771.256;7.085.408;71.696;6.695.823;6.453.176;279.289;1.285.336;1.358.804;38.578;635.099;10.475.187,06;19.125.942;12.873.420;821.881.711,49;50.606.305,46;210.418.586,00;36.356.528,96;7.349.296,35;36.209.862,50;138.495.445,14;85.585.432,84;0,00;8.257.055,78;7.958.559,50;10.438.836,37;11.353.862,92;;;;
S - Sul;;;;;;;;;;;;;;;;;;;;;;;;;;;;;;;;;;;;;;;;;;;;;;;;;;;;;;;;;;;;;;;;;;;;;;;;;;;;;;;;;;;;;;;;;;;;;;;;;;;;;;;;;;;;;;;;;;;;;;;;;;;;;;;;;;;;;;;;;;;;;;;;;;;;;;;;;;;
Paraná (PR);396;396;;396;441;338;8;0;;;;;225;;223;17;193;6;0;145;2;;;11.355.882;9.740.735;10.307.923;9.112.769;7.993;5.235.424.912,31;5.080.170.555,14;3.217.344.170,34;1.862.826.384,80;0,00;0,00;155.254.357,17;5.064.505.089,01;1.067.603.053,25;4.297.750.376,47;2.956.155.322,98;1.157.992.270,71;124.575.251,45;511.353.632,03;642.118.450,20;923.748,12;201.326,78;370.179.997,24;148.810.646,45;214.894.490,50;14.281.656,35;229.176.146,85;371.705.854,48;374.041.755,98;366.671.296,18;19.151.467,71;248.327.614,56;1.039.162,82;473.791.374,27;493.808.011,17;117.831.186,42;771.672.695,48;295.717.902,77;18.957.388,28;1.086.469.734,68;44.790,00;4.572.091,29;849.316,31;37.843,41;1.086.036,67;0,00;3.901.508,29;5.504.041,01;0,00;0,00;0,00;0,00;0,00;0,00;0,00;0,00;10.749.898;9.737.488;3.816.493;3.438.089;3.431.279;4.257.898;4.251.664;3.862.472;3.858.435;845.570,56;816.481,66;4.474,71;2.652,56;0,00;0,00;639.479,31;202.063,44;825.292,17;549.346,99;550.832,22;571.600,08;464.124,11;60.527,10;719.581,72;8.324.363;8.151.183;2.587.654;2.381.544;3.177.004;2.874.753;405.988,29;405.477,52;0,00;0,00;0,00;0,00;422.808,58;40.089,84;75.662,75;;303;2.331;113.418;4.655;3.508,34;99.052;339.128;349.756;2.435;332.592;339.288;2.584;296.176;295.846;331;5.626;10.450,92;3.562.727;3.410.767;1.660.249,14;19.854.528,59;264.517.701,39;137.873.549,74;3.879.275,41;146.508.493,22;-19.864.341,57;80.209.199,21;0,00;21.629.046,00;2.517.501,85;15.178.602,00;32.928.372,57;;;;
Rio Grande do Sul (RS);473;473;;473;1.821;314;6;2;;;;;116;;114;59;54;0;0;249;;;;11.299.205;9.709.779;7.960.780;7.430.050;11.847;4.510.345.931,59;4.198.538.736,39;3.681.143.736,43;515.199.577,76;2.195.400,45;21,75;311.807.191,20;4.193.482.370,38;781.360.544,56;4.115.156.952,39;3.438.670.653,65;1.593.755.117,16;92.339.442,91;476.892.398,34;340.850.331,26;2.114.671,89;131.359,75;272.296.458,14;660.290.873,57;55.253.401,59;10.415.202,66;65.668.604,25;194.916.378,69;338.296.819,95;75.338.276,45;85.220.833,68;150.889.437,93;18.505.428,89;182.436.691,97;227.341.190,05;43.553.213,53;365.927.793,92;76.715.205,05;28.541.623,14;471.836.524,44;5.147.015,22;6.741.415,30;2.751.317,68;5.021.618,98;8.059.006,28;80.999,99;1.041.438,80;19.661.367,18;0,00;172.249,75;1.000.934,83;0,00;52.249,75;0,00;10.000,00;52.249,75;9.799.440;9.484.020;3.158.252;2.904.144;2.848.760;4.304.099;4.236.834;3.784.951;3.736.860;986.767,17;744.622,46;78.021,98;2.621,48;880,00;1.002,73;863.143,49;120.127,62;939.575,75;493.617,80;529.154,50;510.849,41;396.033,50;49.992,24;611.584,16;3.648.316;3.607.906;835.401;802.116;1.518.105;1.328.350;168.772,41;138.696,54;104,08;1,00;202,20;200,20;131.255,80;11.006,70;50.949,23;;6.129;78.042;16.111.151;765;7.878,60;1.195.726;864.173;1.259.098;20.246;847.889;1.121.898;10.271;253.554;252.153;4.056;35.192;425.670,28;2.924.738;1.698.629;7.051.195,03;826.275,67;6.069.906,37;2.236.373,28;359.344,68;1.074.893,24;2.758.965,01;3.542.165,35;0,00;687.959,24;2.772.197,83;515.479,49;844.094,05;;;;
Santa Catarina (SC);291;291;;290;426;199;8;5;0;0;;;74;;72;37;29;0;2;163;8;;;7.127.454;6.071.159;4.487.449;4.112.467;6.076;2.594.489.044,88;2.498.529.769,52;1.996.277.383,64;457.099.461,74;44.615.253,87;537.670,27;95.959.274,36;2.554.254.944,74;1.081.912.562,46;2.156.519.832,70;1.699.682.550,09;614.138.999,13;62.961.815,02;219.175.464,29;386.814.852,80;42.948.508,45;239.380,76;175.987.816,82;197.415.712,57;148.666.350,31;2.677.835,22;151.344.185,53;170.476.245,04;75.004.186,81;58.934.476,54;283.967.266,50;435.311.452,03;10.958.489,66;223.172.593,56;390.548.572,07;25.009.450,66;350.302.190,82;282.188.080,41;5.811.601,85;649.689.105,95;1.209.203,60;9.977.111,23;30.871.632,75;1.451.592,05;7.127.528,82;1.675.004,54;27.178.956,04;43.506.039,63;50.000,00;150.000,00;1.000.000,00;0,00;0,00;0,00;0,00;0,00;6.382.133;5.935.074;2.052.287;1.835.684;1.816.542;2.634.042;2.616.630;2.364.988;2.359.994;578.761,84;485.701,80;16.522,94;37.637,20;525,00;37.024,14;533.942,11;41.815,77;557.853,24;346.848,20;392.856,33;403.671,62;254.508,50;36.611,47;355.327,65;1.795.333;1.771.689;356.690;345.125;706.986;622.172;100.409,77;94.631,97;22,06;9,00;18,75;17,75;97.788,32;6.684,77;51.241,51;;599;8.755;575.004;457;3.796,06;177.762;972.864;1.071.193;21.336;1.070.802;1.114.247;39.776;146.927;153.593;3.248;3.510;21.499,02;2.351.444;2.092.146;171.781.372,73;793.390,13;5.171.357,82;2.575.699,17;203.672,76;577.053,37;2.018.611,09;1.788.635,43;19.260,00;400.164,91;420.576,25;348.161,14;182.173,96;;;;
Total por grupo:;1159;1.159;;1.159;2.688;850;22;7;0;0;;;415;;409;113;276;6;2;557;10;;;29.747.143;25.491.799;22.756.152;20.655.286;25.916;12.340.259.888,78;11.777.239.061,05;8.894.765.290,41;2.835.125.424,30;46.810.654,32;537.692,02;563.020.822,73;11.812.242.404,13;2.930.876.160,27;10.569.427.161,56;8.094.508.526,72;3.365.886.387,00;279.876.509,38;1.207.421.494,66;1.369.783.634,26;45.986.928,46;572.067,29;818.464.272,20;1.006.517.232,59;418.814.242,40;27.374.694,23;446.188.936,63;737.098.478,21;787.342.762,74;500.944.049,17;388.339.567,89;834.528.504,52;30.503.081,37;879.400.659,80;1.111.697.773,29;186.393.850,61;1.487.902.680,22;654.621.188,23;53.310.613,27;2.207.995.365,07;6.401.008,82;21.290.617,82;34.472.266,74;6.511.054,44;16.272.571,77;1.756.004,53;32.121.903,13;68.671.447,82;50.000,00;322.249,75;2.000.934,83;0,00;52.249,75;0,00;10.000,00;52.249,75;26.931.471;25.156.582;9.027.032;8.177.917;8.096.581;11.196.039;11.105.128;10.012.411;9.955.289;2.411.099,57;2.046.805,92;99.019,63;42.911,24;1.405,00;38.026,87;2.036.564,91;364.006,83;2.322.721,16;1.389.812,99;1.472.843,05;1.486.121,11;1.114.666,11;147.130,81;1.686.493,53;13.768.012;13.530.778;3.779.745;3.528.785;5.402.095;4.825.275;675.170,47;638.806,03;126,14;10,00;220,95;217,95;651.852,70;57.781,31;177.853,49;;7.031;89.128;16.799.573;5.877;15.183,00;1.472.540;2.176.165;2.680.047;44.017;2.251.283;2.575.433;52.631;696.657;701.592;7.635;44.328;457.620,22;8.838.909;7.201.542;180.492.816,90;21.474.194,39;275.758.965,58;142.685.622,19;4.442.292,85;148.160.439,83;-15.086.765,47;85.539.999,99;19.260,00;22.717.170,15;5.710.275,93;16.042.242,63;33.954.640,58;;;;
CO - Centro-Oeste;;;;;;;;;;;;;;;;;;;;;;;;;;;;;;;;;;;;;;;;;;;;;;;;;;;;;;;;;;;;;;;;;;;;;;;;;;;;;;;;;;;;;;;;;;;;;;;;;;;;;;;;;;;;;;;;;;;;;;;;;;;;;;;;;;;;;;;;;;;;;;;;;;;;;;;;;;;
Distrito Federal (DF);1;1;;1;1;1;0;0;0;0;;;1;;1;1;1;0;0;0;0;;;3.015.268;2.912.087;3.015.268;2.912.087;2.311;1.936.954.691,00;1.740.417.785,80;938.573.359,19;800.649.729,16;1.194.697,45;0,00;196.536.905,20;1.783.450.134,03;426.533.536,08;1.791.978.189,20;1.427.447.349,30;756.794.611,61;47.952.506,44;143.974.840,60;242.839.997,55;0,00;0,00;159.913.405,48;75.971.987,62;40.258.603,69;0,00;40.258.603,69;157.951.359,45;14.689.069,20;151.631.807,56;122.617.302,16;162.875.905,85;11.968.062,09;150.163.830,44;81.882.270,64;24.911.533,34;42.804.663,94;189.278.720,96;36.842.311,61;268.925.696,51;0,00;0,00;0,00;0,00;0,00;0,00;0,00;0,00;0,00;0,00;0,00;0,00;0,00;0,00;0,00;0,00;2.985.115;2.882.966;747.106;688.562;686.078;1.064.497;1.061.971;1.009.497;1.007.044;246.331,00;240.892,00;13.346,00;0,00;0,00;292,00;227.996,00;17.488,00;238.918,00;148.988,00;158.200,00;185.070,00;124.335,00;9.269,00;212.425,00;2.698.062;2.605.735;638.585;591.150;951.742;901.419;129.923,00;129.923,00;0,00;0,00;0,00;0,00;156.800,00;7.286,00;60.904,00;;204;3.304;514.030;0;0,00;0;61.872;129.783;621;62.232;128.646;13.599;20.175;21.281;338;42.523;525.027,00;403.468;281.011;13.110.668,00;798.121,87;3.727.676,88;1.703.999,56;149.002,36;618.872,09;1.404.805,23;1.936.954,69;0,00;176.726,72;1.394.012,81;214.428,92;242.153,27;;;;
Goiás (GO);242;242;;242;104;150;75;;;;;;87;;87;7;45;29;;105;46;;;6.999.622;6.356.220;5.972.570;5.612.487;7.109;2.734.554.730,10;2.672.611.513,57;1.724.865.199,74;947.746.313,83;0,00;0,00;61.943.215,53;2.665.337.843,15;547.978.441,99;2.512.023.441,15;2.011.605.438,67;613.735.038,56;35.948.155,43;271.517.323,69;189.367.498,02;27.959.507,72;20.000,00;257.987.725,93;615.070.188,92;122.290.598,21;15.648.100,23;137.938.698,44;89.898.646,16;106.119.974,37;164.738.569,10;288.590.681,45;426.529.379,89;68.966.562,87;80.507.964,67;224.415.248,19;20.919.086,56;155.938.070,66;205.311.603,89;32.780.428,34;394.808.862,29;19.367,00;4.672.654,92;1.902.321,67;0,00;5.111.361,36;2.236.165,48;0,00;7.366.893,84;0,00;3.727.900,21;0,00;0,00;0,00;0,00;0,00;0,00;6.195.837;6.128.312;2.547.852;2.395.596;2.237.097;2.610.830;2.420.855;2.347.643;2.152.287;428.146,83;399.124,48;3.576,69;23.111,18;0,00;18.588,54;355.307,76;71.027,36;355.388,98;288.795,47;316.820,74;334.268,08;236.868,87;33.079,46;347.349,95;3.975.006;3.963.522;1.378.098;1.288.079;1.427.792;1.274.002;180.014,40;159.802,28;1.102,00;0,00;0,00;0,00;170.164,24;14.293,55;33.403,55;;9.512;126.937;37.756.125;119;14.128,00;136.491;192.198;204.659;8.187;248.437;236.025;10.442;147.424;152.174;2.398;36.479;368.459,00;2.394.241;2.374.511;79.925.239,60;654.061,00;5.472.333,00;1.939.753,00;315.731,00;731.251,00;2.801.329,00;2.390.889,00;0,00;1.194.820,00;1.117.705,00;389.091,32;1.299.819,00;;;;
Mato Grosso do Sul (MS);77;77;;77;89;69;0;0;;;;;59;;59;16;54;0;0;15;;;;2.763.522;2.369.480;2.567.928;2.244.696;2.326;1.244.529.690,82;1.137.121.691,46;847.221.870,25;289.899.821,21;0,00;0,00;107.407.999,36;1.202.649.185,07;264.670.769,70;948.370.276,72;613.495.699,18;199.039.985,86;8.634.272,74;107.248.234,98;179.101.897,61;200,00;0,00;49.887.245,42;69.583.861,57;62.702.348,28;1.188.252,06;63.890.600,34;111.983.845,40;107.944.915,70;51.036.190,10;289.070.383,29;352.960.983,63;0,00;130.515.810,40;107.201.743,71;37.173.732,33;93.206.239,64;165.727.063,45;15.868.036,35;274.891.286,44;0,00;39.472,00;0,00;0,00;0,00;0,00;0,00;39.472,00;0,00;1.466.729,26;33.811.192,79;0,00;0,00;0,00;35.277.922,05;35.277.922,05;2.374.606;2.355.520;1.017.210;869.159;853.879;942.544;922.482;871.742;855.222;230.005,54;214.594,69;26.327,42;188,00;0,00;0,00;93.355,86;136.438,53;157.065,69;131.787,75;136.660,51;144.699,58;113.629,52;13.632,26;197.778,91;1.437.203;1.431.727;473.259;433.056;496.409;451.798;60.951,14;60.854,86;0,00;0,00;0,00;0,00;74.328,59;5.550,86;11.728,49;;311;2.529;269.772;148;1.710,01;454.683;97.782;117.273;855;97.380;116.310;360;71.631;80.517;382;16.548;44.914,34;1.179.810;1.138.719;143.178.179,56;307.537,89;1.350.843,05;978.571,22;157.708,26;205.324,29;166.947,53;650.177,91;0,00;325.899,34;51.277,16;204.641,44;372.854,69;;;;
Mato Grosso (MT);102;102;;102;113;36;0;0;0;0;;;33;;33;7;20;0;0;0;0;;;3.207.223;2.685.506;2.342.624;2.111.051;2.038;804.205.414,85;738.954.099,62;581.922.774,77;156.731.586,76;292.080,34;7.657,75;65.251.315,18;734.981.951,52;304.934.023,49;673.902.766,26;471.720.071,25;114.361.766,05;16.376.196,37;116.680.694,99;98.332.985,66;20.000,00;0,00;40.316.327,77;85.632.099,41;91.510.189,15;1.024.607,52;92.534.796,67;79.642.532,81;14.551.257,80;14.333.572,18;63.463.469,18;155.998.265,85;1.266.209,46;262.809.508,28;41.187.382,06;32.932.534,69;267.946.709,04;65.879.243,43;3.504.457,43;338.195.634,49;735.930,04;1.005.015,44;937.631,40;94.442,48;1.323.914,41;0,00;17.854,00;2.773.019,36;487.710,59;1.005.635,79;0,00;0,00;0,00;0,00;88.330,70;0,00;2.787.333;2.610.434;1.018.979;883.417;808.070;1.033.950;937.661;915.232;830.128;313.395,00;205.911,91;8.921,64;5.114,89;213,00;1,00;208.844,15;99.876,30;165.362,36;141.885,86;171.952,07;188.881,35;109.252,79;14.437,83;151.087,22;1.116.813;1.113.878;323.560;308.808;367.552;335.415;65.193,04;55.704,38;7,00;5,00;10,59;6,59;57.731,66;4.417,17;7.665,54;;1.937;23.787;2.369.166;6.560;105.950,00;1.256.500;356.328;405.300;6.490;346.696;395.466;14.602;77.232;77.596;626;20.914;395.773,21;1.963.350;1.729.861;54.044.268,96;1.196.062,15;10.244.039,93;1.352.515,60;22.013,66;7.315.371,74;1.573.498,31;9.821.927,54;0,00;115.378,77;7.800.096,27;3.667.190,56;3.755.153,17;;;;
Total por grupo:;422;422;;422;307;256;75;0;0;0;;;180;;180;31;120;29;0;120;46;;;15.985.635;14.323.293;13.898.390;12.880.321;13.784;6.720.244.526,77;6.289.105.090,45;4.092.583.203,95;2.195.027.450,96;1.486.777,79;7.657,75;431.139.435,27;6.386.419.113,77;1.544.116.771,26;5.926.274.673,33;4.524.268.558,40;1.683.931.402,08;108.911.130,98;639.421.094,26;709.642.378,84;27.979.707,72;20.000,00;508.104.704,60;846.258.137,52;316.761.739,33;17.860.959,81;334.622.699,14;439.476.383,82;243.305.217,07;381.740.138,94;763.741.836,08;1.098.364.535,22;82.200.834,42;623.997.113,79;454.686.644,60;115.936.886,92;559.895.683,28;626.196.631,73;88.995.233,73;1.276.821.479,73;755.297,04;5.717.142,36;2.839.953,07;94.442,48;6.435.275,77;2.236.165,48;17.854,00;10.179.385,20;487.710,59;6.200.265,26;33.811.192,79;0,00;0,00;0,00;35.366.252,75;35.277.922,05;14.342.891;13.977.232;5.331.147;4.836.734;4.585.124;5.651.821;5.342.969;5.144.114;4.844.681;1.217.878,37;1.060.523,08;52.171,75;28.414,07;213,00;18.881,54;885.503,77;324.830,19;916.735,03;711.457,08;783.633,32;852.919,01;584.086,18;70.418,55;908.641,08;9.227.084;9.114.862;2.813.502;2.621.093;3.243.495;2.962.634;436.081,58;406.284,52;1.109,00;5,00;10,59;6,59;459.024,49;31.547,58;113.701,58;;11.964;156.557;40.909.093;6.827;121.788,01;1.847.674;708.180;857.015;16.153;754.745;876.447;39.003;316.462;331.568;3.744;116.464;1.334.173,55;5.940.869;5.524.102;290.258.356,12;2.955.782,91;20.794.892,86;5.974.839,38;644.455,28;8.870.819,12;5.946.580,07;14.799.949,14;0,00;1.812.824,83;10.363.091,24;4.475.352,24;5.669.980,13;;;;
TOTALIZAÇÃO NACIONAL;5177;5.177;;5.169;12.204;3.282;716;182;0;0;;;2.592;;2.563;2.396;1.342;149;33;1.468;448;;;204.030.834;174.719.653;167.487.576;152.350.367;149.101;71.912.172.867,14;69.247.043.892,17;44.199.867.212,07;23.474.334.897,39;1.507.050.559,47;65.791.223,24;2.665.128.962,64;66.043.238.386,77;21.258.648.988,48;62.427.607.866,42;46.077.664.436,46;17.183.340.852,66;1.591.270.960,30;7.115.571.870,55;8.926.798.626,09;394.282.421,94;33.470.456,26;4.583.053.060,63;6.249.876.180,63;2.305.823.665,27;217.628.823,02;2.523.452.488,29;7.682.985.292,08;3.441.218.855,60;2.678.201.047,59;4.370.359.636,07;6.893.812.124,36;574.548.348,28;5.319.830.432,44;5.016.118.428,01;3.893.600.953,06;10.375.508.674,48;3.270.814.463,79;1.119.472.175,65;14.804.098.161,79;29.701.321,04;108.482.449,31;116.006.707,63;55.867.398,87;125.924.733,41;63.746.230,49;60.940.672,89;311.091.989,32;62.997.478,95;332.166.076,41;200.893.946,62;19.024.697,34;85.826.043,35;164.695.596,22;251.900.513,38;522.815.834,79;170.804.516;162.221.823;59.132.877;51.681.989;47.501.650;66.033.336;61.299.855;60.018.464;55.759.281;16.613.021,76;13.888.536,13;862.693,11;315.642,47;22.655,81;268.856,06;13.404.594,06;2.924.257,59;12.277.274,36;8.180.929,18;9.761.352,41;10.058.745,71;6.806.007,91;680.361,55;11.842.296,24;110.300.342;108.110.812;34.570.713;31.121.497;42.430.389;37.549.144;5.826.685,47;4.516.113,55;84.816,71;77.953,53;94.398,31;53.375,93;6.004.564,63;354.298,57;1.417.340,10;;63.196;889.160;169.091.543;1.136.275;26.679.579,41;598.531.298;12.000.575;12.916.823;187.385;11.961.821;13.115.762;1.288.563;3.184.029;3.167.301;72.297;889.539;15.068.978,11;51.871.252;40.323.410;1.558.971.041,97;81.740.366,41;545.121.275,59;195.196.902,05;12.663.407,65;202.797.125,46;147.713.355,49;198.796.500,17;19.260,00;33.536.347,14;32.083.445,81;32.240.258,14;52.907.807,79;;;;
